{"cameraMode":{"drawMode":0,"name":"Shaded","section":"Shading Mode"},"sceneLighting":false,"audioPlay":false,"sceneViewState":{"m_AlwaysRefresh":false,"showFog":true,"showSkybox":false,"showFlares":true,"showImageEffects":true,"showParticleSystems":true,"showVisualEffectGraphs":true,"m_FxEnabled":true},"in2DMode":false,"pivot":{"x":10.239999771118164,"y":-144.75999450683595,"z":-63.400001525878909},"rotation":{"x":0.09281797707080841,"y":-0.7794876098632813,"z":0.11900436878204346,"w":0.6079652905464172},"size":0.8660253882408142,"orthographic":false}